email,password
user1@example.com,uA0&#ta7zO0e
user2@example.com,uEWRFj9^vm22
user3@example.com,k@VPHtc0b2Vf
user4@example.com,g6X8BDEuHNSx
user5@example.com,wOOkOOPykbGx
user6@example.com,TGKebNjrQdnQ
user7@example.com,k$sIKy4vH4zO
user8@example.com,u!5oTwkWF7Da
user9@example.com,4%o%KrWPHg*o
user10@example.com,IKvZ&@%uvcAb
user11@example.com,3CNpVbtXL)sl
user12@example.com,uh9w&s@(JpL*
user13@example.com,G9vow0659vGE
user14@example.com,Gds4B9LwuA2k
user15@example.com,ZXWMUj23a46A
user16@example.com,128UKz4S(bRm
user17@example.com,XMsF#iwlnm#)
user18@example.com,1O3l(5#xn#QU
user19@example.com,4t^zt2DmUGmL
user20@example.com,cuDZ^TXO#E#L
user21@example.com,Pl%@%a3jrl$U
user22@example.com,Tyy2cSog3DIY
user23@example.com,q563cP%F5m&4
user24@example.com,JamKXeG2Pfjm
user25@example.com,qoL5V8G3$HKL
user26@example.com,OdL4rHwflV9x
user27@example.com,Q188NE&Vs@tt
user28@example.com,WKl776HVY4Cg
user29@example.com,tX&i(jN0zZ@T
user30@example.com,o*eXPi7hJ3fC
user31@example.com,7MsBmn4p^(%U
user32@example.com,PJC0K(nM7NzY
user33@example.com,ph3KO4aT4jrY
user34@example.com,yM5Z#OASRnLr
user35@example.com,!R#iENt^okCQ
user36@example.com,jKdTWr@EOVFr
user37@example.com,#1KyHori7oem
user38@example.com,cwl0vh0T8d)K
user39@example.com,UanTR(Zl4Hmo
user40@example.com,cuZD5$B^*8JI
user41@example.com,sgi!#2#q$LAL
user42@example.com,sB#*$Wf2C9&B
user43@example.com,21gWwQmnaAeq
user44@example.com,(pT6(ge8dUMY
user45@example.com,U6MXCFOnRWG*
user46@example.com,zLnRE5lkseK3
user47@example.com,uyuhqSCJZJZ0
user48@example.com,84!EljMOtZ7*
user49@example.com,mZlFAEFVQ^Pe
user50@example.com,mzTvPIO5iJMf
